{
  "description": "项目配置文件",
  "packOptions": {
    "ignore": []
  },
  "setting": {
    "urlCheck": false,
    "es6": true,
    "enhance": false,
    "postcss": true,
    "preloadBackgroundData": false,
    "minified": true,
    "newFeature": false,
    "coverView": true,
    "nodeModules": false,
    "autoAudits": false,
    "showShadowRootInWxmlPanel": true,
    "scopeDataCheck": false,
    "uglifyFileName": false,
    "checkInvalidKey": true,
    "checkSiteMap": true,
    "uploadWithSourceMap": true,
    "compileHotReLoad": false,
    "useMultiFrameRuntime": false,
    "useApiHook": true,
    "babelSetting": {
      "ignore": [],
      "disablePlugins": [],
      "outputPath": ""
    },
    "useIsolateContext": true,
    "useCompilerModule": true,
    "userConfirmedUseCompilerModuleSwitch": false,
    "packNpmManually": false,
    "packNpmRelationList": []
  },
  "compileType": "miniprogram",
  "libVersion": "2.13.1",
  "appid": "wx8bfd45bd2364f6a6",
  "projectname": "wuyougou",
  "debugOptions": {
    "hidedInDevtools": []
  },
  "scripts": {},
  "isGameTourist": false,
  "simulatorType": "wechat",
  "simulatorPluginLibVersion": {},
  "condition": {
    "search": {
      "current": -1,
      "list": []
    },
    "conversation": {
      "current": -1,
      "list": []
    },
    "plugin": {
      "current": -1,
      "list": []
    },
    "game": {
      "current": -1,
      "list": []
    },
    "gamePlugin": {
      "current": -1,
      "list": []
    },
    "miniprogram": {
      "current": -1,
      "list": [
        {
          "id": -1,
          "name": "分类页面",
          "pathName": "pages/catalog/index",
          "query": "",
          "scene": null
        },
        {
          "id": 1,
          "name": "商品列表",
          "pathName": "pages/goodList/index",
          "query": "cat_id=5",
          "scene": null
        },
        {
          "id": 2,
          "name": "商品详细",
          "pathName": "pages/goodDetail/index",
          "query": "good_id=17928",
          "scene": null
        },
        {
          "id": -1,
          "name": "购物车",
          "pathName": "pages/car/index",
          "query": "",
          "scene": null
        },
        {
          "id": -1,
          "name": "我的",
          "pathName": "pages/my/index",
          "query": "",
          "scene": null
        }
      ]
    }
  }
}